Device : ,PAX1000IR1
Serial Number : ,M00754645
Firmware Version : ,1.0.13
Software Version : ,1.7.2117.219
Wavelength [nm] : ,767,POV from the detector
Basic Sample Rate [Hz] : ,60
Operating Mode : ,1 revolution for one measurement, 1024 points for FFT

Time[date hh:mm:ss] , Elapsed Time [hh:mm:ss:ms], Normalized s 1 , Normalized s 2 , Normalized s 3 , S 0 [mW], S 1 [mW], S 2 [mW], S 3 [mW], Azimuth[°] , Ellipticity[°] , DOP[%] , DOCP[%] , DOLP[%] , Power[mW] , Pol Power[mW] , Unpol Power[mW] , Power[dBm] , Pol Power[dBm] , Unpol Power[dBm] , Power-Split-Ratio , Phase Difference[°] , Warning
2026-05-14 13:32:40.14,0.00:00:00:121,-1.00,-0.05,-0.07,2.045,-2.022,-0.09859,-0.143,-88.60,-2.02,99.28,7.00,99.03,2.045,2.03,0.01476,3.106,3.075,-18.308,0.00,-124.57,
2026-05-14 13:32:40.23,0.00:00:00:218,-1.00,-0.05,-0.07,2.046,-2.025,-0.09711,-0.1423,-88.63,-2.01,99.34,6.95,99.10,2.046,2.033,0.01346,3.109,3.081,-18.710,0.00,-124.31,
2026-05-14 13:32:40.37,0.00:00:00:357,-1.00,-0.05,-0.07,2.048,-2.028,-0.0947,-0.1432,-88.66,-2.02,99.35,6.99,99.10,2.048,2.035,0.01341,3.114,3.085,-18.726,0.00,-123.48,
2026-05-14 13:32:40.50,0.00:00:00:489,-1.00,-0.05,-0.07,2.048,-2.027,-0.09292,-0.1422,-88.69,-2.00,99.35,6.94,99.11,2.048,2.034,0.01333,3.113,3.085,-18.752,0.00,-123.17,
2026-05-14 13:32:40.60,0.00:00:00:589,-1.00,-0.05,-0.07,2.046,-2.026,-0.09232,-0.1426,-88.70,-2.01,99.33,6.97,99.09,2.046,2.033,0.01365,3.110,3.081,-18.650,0.00,-122.92,
2026-05-14 13:32:40.70,0.00:00:00:688,-1.00,-0.04,-0.07,2.044,-2.022,-0.0897,-0.1423,-88.73,-2.01,99.27,6.96,99.02,2.044,2.029,0.01496,3.104,3.073,-18.251,0.00,-122.23,
2026-05-14 13:32:40.80,0.00:00:00:787,-1.00,-0.04,-0.07,2.049,-2.026,-0.08834,-0.1422,-88.75,-2.01,99.20,6.94,98.96,2.049,2.033,0.01637,3.116,3.081,-17.860,0.00,-121.84,
2026-05-14 13:32:40.93,0.00:00:00:912,-1.00,-0.04,-0.07,2.048,-2.023,-0.08809,-0.1432,-88.75,-2.02,99.15,6.99,98.90,2.048,2.03,0.01738,3.113,3.076,-17.599,0.00,-121.60,
2026-05-14 13:32:41.02,0.00:00:01:009,-1.00,-0.04,-0.07,2.046,-2.024,-0.08794,-0.1421,-88.76,-2.01,99.24,6.94,99.00,2.046,2.031,0.01555,3.110,3.077,-18.084,0.00,-121.76,
2026-05-14 13:32:41.12,0.00:00:01:109,-1.00,-0.04,-0.07,2.047,-2.022,-0.08579,-0.1429,-88.79,-2.02,99.08,6.98,98.83,2.047,2.029,0.01887,3.112,3.072,-17.243,0.00,-120.98,
2026-05-14 13:32:41.23,0.00:00:01:218,-1.00,-0.04,-0.07,2.048,-2.019,-0.08463,-0.1426,-88.80,-2.02,98.92,6.96,98.68,2.048,2.026,0.02209,3.113,3.066,-16.559,0.00,-120.69,
2026-05-14 13:32:41.33,0.00:00:01:315,-1.00,-0.04,-0.07,2.048,-2.018,-0.08365,-0.1414,-88.81,-2.00,98.87,6.90,98.62,2.048,2.025,0.02325,3.114,3.064,-16.336,0.00,-120.61,
2026-05-14 13:32:41.43,0.00:00:01:411,-1.00,-0.04,-0.07,2.048,-2.018,-0.08421,-0.1429,-88.81,-2.02,98.86,6.98,98.61,2.048,2.025,0.02335,3.114,3.064,-16.316,0.00,-120.51,
2026-05-14 13:32:41.54,0.00:00:01:523,-1.00,-0.04,-0.07,2.05,-2.016,-0.0832,-0.1418,-88.82,-2.01,98.68,6.92,98.43,2.05,2.023,0.02715,3.117,3.059,-15.662,0.00,-120.41,
2026-05-14 13:32:41.64,0.00:00:01:624,-1.00,-0.04,-0.07,2.051,-2.013,-0.08347,-0.1431,-88.81,-2.03,98.48,6.98,98.23,2.051,2.02,0.03124,3.120,3.054,-15.053,0.00,-120.26,
2026-05-14 13:32:41.74,0.00:00:01:722,-1.00,-0.04,-0.07,2.075,-2.036,-0.07921,-0.1439,-88.89,-2.02,98.41,6.93,98.16,2.075,2.042,0.03301,3.171,3.101,-14.813,0.00,-118.84,
2026-05-14 13:32:41.84,0.00:00:01:824,-1.00,-0.02,-0.07,2.196,-2.163,-0.04812,-0.1499,-89.36,-1.98,98.74,6.83,98.50,2.196,2.168,0.02769,3.417,3.361,-15.576,0.00,-107.80,
2026-05-14 13:32:41.97,0.00:00:01:953,-1.00,0.00,-0.03,2.383,-2.441,-0.002287,-0.06786,-89.97,-0.80,102.50,2.85,102.46,2.383,2.442,-0.05965,3.771,3.878,-99.990,0.00,-91.93,
2026-05-14 13:32:42.17,0.00:00:02:152,-0.99,0.07,0.10,10.1,-8.858,0.6597,0.9063,87.87,2.91,88.43,8.98,87.97,10.1,8.929,1.168,10.042,9.508,0.675,0.00,53.95,ADC overflow during last measurement.
2026-05-14 13:32:42.29,0.00:00:02:273,-0.99,0.04,0.11,21.7,-12.4,0.507,1.332,88.83,3.06,57.53,6.14,57.20,21.7,12.49,9.216,13.365,10.964,9.646,0.00,69.16,ADC overflow during last measurement.
2026-05-14 13:32:42.41,0.00:00:02:397,-1.00,0.02,0.09,32.48,-9.392,0.1958,0.8153,89.40,2.48,29.03,2.51,28.92,32.48,9.43,23.06,15.117,9.745,13.628,0.00,76.49,
2026-05-14 13:32:42.52,0.00:00:02:504,-1.00,0.01,0.07,36.33,-8.205,0.08685,0.5498,89.70,1.92,22.64,1.51,22.59,36.33,8.224,28.11,15.603,9.151,14.488,0.00,81.02,
2026-05-14 13:32:42.63,0.00:00:02:619,-1.00,0.00,0.05,38.07,-7.282,0.01511,0.3905,89.94,1.53,19.15,1.03,19.13,38.07,7.293,30.78,15.806,8.629,14.883,0.00,87.78,
2026-05-14 13:32:42.74,0.00:00:02:723,-1.00,0.00,0.05,38.09,-6.87,-0.006984,0.3218,-89.97,1.34,18.06,0.84,18.04,38.09,6.877,31.21,15.808,8.374,14.943,0.00,91.24,
2026-05-14 13:32:42.84,0.00:00:02:821,-1.00,0.00,0.05,38.04,-6.745,-0.02229,0.3039,-89.91,1.29,17.75,0.80,17.73,38.04,6.752,31.29,15.803,8.294,14.954,0.00,94.19,
2026-05-14 13:32:42.93,0.00:00:02:919,-1.00,-0.02,0.03,36.85,-6.202,-0.1004,0.2043,-89.54,0.94,16.84,0.55,16.84,36.85,6.206,30.64,15.664,7.928,14.863,0.00,116.17,
2026-05-14 13:32:43.05,0.00:00:03:033,-1.00,-0.02,0.03,34.59,-5.927,-0.1374,0.1754,-89.34,0.85,17.15,0.51,17.14,34.59,5.931,28.66,15.389,7.731,14.573,0.00,128.08,
2026-05-14 13:32:43.14,0.00:00:03:129,-1.00,-0.02,0.04,31.14,-6.006,-0.1097,0.239,-89.48,1.14,19.31,0.77,19.29,31.14,6.012,25.12,14.933,7.790,14.001,0.00,114.65,
2026-05-14 13:32:43.25,0.00:00:03:231,-1.00,-0.01,0.05,28.43,-6.205,-0.09034,0.2847,-89.58,1.31,21.85,1.00,21.83,28.43,6.212,22.22,14.537,7.932,13.467,0.00,107.61,
2026-05-14 13:32:43.35,0.00:00:03:331,-1.00,-0.01,0.05,26.84,-6.37,-0.0509,0.3281,-89.77,1.47,23.77,1.22,23.74,26.84,6.379,20.46,14.287,8.047,13.109,0.00,98.82,
2026-05-14 13:32:43.44,0.00:00:03:429,-1.00,-0.03,0.02,24.25,-6.599,-0.1859,0.1627,-89.19,0.71,27.24,0.67,27.23,24.25,6.604,17.64,13.846,8.198,12.466,0.00,138.81,
2026-05-14 13:32:43.57,0.00:00:03:556,-1.00,0.00,0.05,20.72,-7.467,0.00447,0.4035,89.98,1.55,36.10,1.95,36.04,20.72,7.478,13.24,13.163,8.738,11.218,0.00,89.37,
2026-05-14 13:32:43.75,0.00:00:03:735,-1.00,-0.01,0.04,19.99,-7.59,-0.09403,0.2976,-89.65,1.12,37.99,1.49,37.96,19.99,7.596,12.4,13.009,8.806,10.934,0.00,107.54,
2026-05-14 13:32:43.85,0.00:00:03:834,-1.00,-0.02,-0.01,8.412,-6.751,-0.1384,-0.07022,-89.41,-0.30,80.28,0.83,80.27,8.412,6.753,1.659,9.249,8.295,2.199,0.00,-153.10,
2026-05-14 13:32:44.16,0.00:00:04:142,-1.00,0.01,0.00,4.234,-3.545,0.03519,-0.01769,89.72,-0.14,83.73,0.42,83.73,4.234,3.545,0.6888,6.268,5.497,-1.619,0.00,-26.69,
2026-05-14 13:32:44.26,0.00:00:04:242,-0.99,0.12,0.06,1.448,-1.15,0.1362,0.07054,86.62,1.74,80.15,4.87,80.00,1.448,1.16,0.2873,1.607,0.646,-5.416,0.00,27.38,
2026-05-14 13:32:44.82,0.00:00:04:809,-0.99,0.12,0.07,1.071,-0.8024,0.09426,0.06018,86.65,2.13,75.62,5.62,75.41,1.071,0.8102,0.2613,0.300,-0.914,-5.829,0.00,32.55,
2026-05-14 13:32:44.96,0.00:00:04:948,-0.98,0.18,0.05,0.9759,-0.7471,0.1379,0.04071,84.77,1.53,77.96,4.17,77.85,0.9759,0.7608,0.2151,-0.106,-1.187,-6.673,0.01,16.44,
2026-05-14 13:32:45.06,0.00:00:05:044,-0.98,0.19,0.06,0.9665,-0.7463,0.1423,0.04195,84.60,1.58,78.73,4.34,78.61,0.9665,0.7609,0.2056,-0.148,-1.186,-6.870,0.01,16.42,
2026-05-14 13:32:45.16,0.00:00:05:144,-0.98,0.20,0.04,0.9458,-0.7323,0.1504,0.02707,84.20,1.04,79.09,2.86,79.04,0.9458,0.748,0.1978,-0.242,-1.261,-7.038,0.01,10.20,
2026-05-14 13:32:45.26,0.00:00:05:243,-0.96,0.27,0.03,0.8434,-0.6707,0.1886,0.02367,82.15,0.97,82.66,2.81,82.61,0.8434,0.6972,0.1463,-0.739,-1.567,-8.348,0.02,7.15,
2026-05-14 13:32:45.40,0.00:00:05:382,-0.97,0.21,0.08,0.9405,-0.7326,0.1578,0.05755,83.92,2.20,79.91,6.12,79.68,0.9405,0.7516,0.1889,-0.266,-1.240,-7.237,0.01,20.03,
2026-05-14 13:32:45.50,0.00:00:05:482,-0.99,0.10,0.09,1.039,-0.7886,0.07949,0.07328,87.12,2.64,76.63,7.06,76.31,1.039,0.7959,0.2427,0.165,-0.991,-6.149,0.00,42.67,
2026-05-14 13:32:45.60,0.00:00:05:582,-0.99,0.13,0.10,1.061,-0.7913,0.1021,0.07967,86.32,2.85,75.55,7.51,75.18,1.061,0.8018,0.2595,0.258,-0.959,-5.859,0.01,37.97,
2026-05-14 13:32:45.70,0.00:00:05:681,-0.98,0.15,0.10,1.168,-0.9041,0.1369,0.09486,85.69,2.96,78.69,8.12,78.27,1.168,0.9193,0.249,0.676,-0.365,-6.038,0.01,34.71,
2026-05-14 13:32:45.80,0.00:00:05:785,-0.97,0.23,0.12,1.8,-1.131,0.2688,0.1374,83.31,3.37,65.01,7.63,64.56,1.8,1.17,0.6299,2.554,0.683,-2.007,0.02,27.08,
2026-05-14 13:32:45.90,0.00:00:05:885,-0.99,0.13,0.09,3.237,-2.575,0.3485,0.2373,86.15,2.61,80.63,7.33,80.29,3.237,2.61,0.6271,5.101,4.166,-2.027,0.01,34.25,ADC overflow during last measurement.
2026-05-14 13:32:46.01,0.00:00:05:990,-1.00,0.06,0.06,7.786,-6.942,0.3835,0.3949,88.42,1.63,89.44,5.07,89.29,7.786,6.964,0.8226,8.913,8.428,-0.848,0.00,45.84,ADC overflow during last measurement.
2026-05-14 13:32:46.10,0.00:00:06:088,-1.00,0.02,0.03,8.714,-7.426,0.1781,0.2171,89.31,0.84,85.28,2.49,85.24,8.714,7.431,1.283,9.402,8.710,1.081,0.00,50.64,
